-- MySQL dump 10.13  Distrib 5.7.24, for Linux (x86_64)
--
-- Host: localhost    Database: tayo_book_store
-- ------------------------------------------------------
-- Server version	5.7.24-0ubuntu0.18.04.1

/*!40101 SET @OLD_CHARACTER_SET_CLIENT=@@CHARACTER_SET_CLIENT */;
/*!40101 SET @OLD_CHARACTER_SET_RESULTS=@@CHARACTER_SET_RESULTS */;
/*!40101 SET @OLD_COLLATION_CONNECTION=@@COLLATION_CONNECTION */;
/*!40101 SET NAMES utf8 */;
/*!40103 SET @OLD_TIME_ZONE=@@TIME_ZONE */;
/*!40103 SET TIME_ZONE='+00:00' */;
/*!40014 SET @OLD_UNIQUE_CHECKS=@@UNIQUE_CHECKS, UNIQUE_CHECKS=0 */;
/*!40014 SET @OLD_FOREIGN_KEY_CHECKS=@@FOREIGN_KEY_CHECKS, FOREIGN_KEY_CHECKS=0 */;
/*!40101 SET @OLD_SQL_MODE=@@SQL_MODE, SQL_MODE='NO_AUTO_VALUE_ON_ZERO' */;
/*!40111 SET @OLD_SQL_NOTES=@@SQL_NOTES, SQL_NOTES=0 */;

--
-- Table structure for table `book`
--

DROP TABLE IF EXISTS `book`;
/*!40101 SET @saved_cs_client     = @@character_set_client */;
/*!40101 SET character_set_client = utf8 */;
CREATE TABLE `book` (
  `book_id` int(11) NOT NULL AUTO_INCREMENT,
  `title` varchar(128) COLLATE utf8_unicode_ci NOT NULL,
  PRIMARY KEY (`book_id`)
) ENGINE=InnoDB AUTO_INCREMENT=103 DEFAULT CHARSET=utf8 COLLATE=utf8_unicode_ci;
/*!40101 SET character_set_client = @saved_cs_client */;

--
-- Dumping data for table `book`
--

LOCK TABLES `book` WRITE;
/*!40000 ALTER TABLE `book` DISABLE KEYS */;
INSERT INTO `book` VALUES (1,'Et et debitis quaerat consequuntur eos nesciunt.'),(2,'Ut officiis maiores nemo est ipsum.'),(3,'Est aut sapiente et.'),(4,'Et dolorem voluptatem aut.'),(5,'Molestiae sed ut quia rem magnam.'),(6,'Quis et quos eaque amet eum eum.'),(7,'Officia sint fuga iste sit inventore dolorem.'),(8,'Quae at assumenda aliquam hic esse.'),(9,'Et explicabo voluptates veritatis nesciunt exercitationem sint.'),(10,'Culpa dolorem nihil aut delectus atque vel distinctio deleniti.'),(11,'Dignissimos soluta esse deleniti odio beatae id.'),(12,'Possimus dignissimos voluptas aut accusamus unde aperiam.'),(13,'Vero hic provident at nisi est dolores.'),(14,'Omnis omnis quas quia quo accusamus.'),(15,'Numquam consequuntur adipisci rerum aliquam.'),(16,'Eveniet corrupti praesentium consequatur repellendus.'),(17,'Ut exercitationem et ducimus error nesciunt.'),(18,'Quod autem voluptas ut ut.'),(19,'Nam enim ea pariatur dolor.'),(20,'Voluptas qui omnis quibusdam magni.'),(21,'Eum qui culpa iste ratione.'),(22,'Non rem consectetur id.'),(23,'Illum molestiae temporibus quae facere voluptatibus vel hic.'),(24,'Deleniti fuga sint dicta repellat quidem repellendus ut.'),(25,'Et rerum autem et adipisci.'),(26,'Eligendi et magnam et mollitia delectus corporis inventore.'),(27,'Consequatur optio fugit quo aperiam voluptates nesciunt quo modi.'),(28,'Eligendi assumenda necessitatibus facere a voluptatem.'),(29,'Itaque dolorem a et quisquam.'),(30,'Consequatur eius nemo autem.'),(31,'Impedit dolorem ut excepturi in eum.'),(32,'In sint id et hic illo perferendis.'),(33,'Sunt facere consequatur rem iusto harum repudiandae.'),(34,'Debitis quaerat velit placeat odio expedita eius ut quia.'),(35,'Provident incidunt libero nesciunt quia nemo.'),(36,'Molestiae quos illo earum autem veniam nisi officiis.'),(37,'Aut quae facere eaque inventore.'),(38,'Est voluptates nam impedit aut.'),(39,'Autem earum aut sapiente.'),(40,'Dolore harum sint id vero minus suscipit eveniet possimus.'),(41,'Enim quia odit aut molestiae.'),(42,'Inventore officiis soluta perspiciatis deleniti quos.'),(43,'Qui doloribus necessitatibus reiciendis dolor consequatur dolorem.'),(44,'Quibusdam velit voluptatem nihil iusto ad.'),(45,'Ut esse provident odio labore non dolorem maiores.'),(46,'Voluptatem quos enim ducimus optio.'),(47,'Dolores accusantium quasi eligendi quasi recusandae dolorem.'),(48,'Officia aut rerum nulla dolorem deserunt.'),(49,'Cum optio modi mollitia dolor voluptatum.'),(50,'Aut dolore mollitia non illum dignissimos provident totam.'),(51,'Enim perspiciatis magni eum consequatur sit.'),(52,'Natus suscipit eligendi quidem impedit dolorem quia.'),(53,'Ea provident odio ipsum ea sit.'),(54,'Officia quos quidem repudiandae labore sint possimus laudantium.'),(55,'Repellat qui et sequi est.'),(56,'Consequuntur debitis fuga deleniti cupiditate.'),(57,'Alias quo est facere commodi sapiente harum.'),(58,'Esse numquam deleniti modi ex sit in non.'),(59,'Aut qui earum qui nisi.'),(60,'Voluptate incidunt sed ducimus.'),(61,'Excepturi quae doloremque veniam quos quod.'),(62,'Eaque illo sint in culpa quia iure eum.'),(63,'Ipsum numquam dolorem soluta rerum aliquam et nulla.'),(64,'Pariatur atque et nobis non error.'),(65,'Est commodi qui iste laborum.'),(66,'Iste voluptas perferendis aliquam quia rerum sint et.'),(67,'Aut earum sint dolor cumque.'),(68,'Quidem est aut reprehenderit ducimus.'),(69,'Dolore modi quo qui mollitia eius.'),(70,'Aperiam quia eos minima sed est est aliquid.'),(71,'Optio sed perferendis laboriosam eum.'),(72,'Quo minima nostrum rerum officiis.'),(73,'Dolorum sit nihil eum autem aut deserunt ut et.'),(74,'Ut fuga rerum hic et ut beatae.'),(75,'Nisi ex eius non ea distinctio id molestias culpa.'),(76,'Aut et recusandae molestiae atque eveniet.'),(77,'Officiis eveniet eius aspernatur non voluptatum tempora.'),(78,'Recusandae molestias tenetur qui est veritatis sequi aut.'),(79,'Sapiente eaque sed nostrum laboriosam.'),(80,'Eius qui laudantium occaecati accusantium eligendi.'),(81,'Velit architecto ad qui laborum tenetur porro aut.'),(82,'Aut qui reiciendis officia voluptas.'),(83,'Accusamus sit et maiores.'),(84,'Eum est ducimus eum unde temporibus et.'),(85,'Vel ut neque voluptate impedit.'),(86,'Nesciunt odio quam ex dolore dignissimos eos.'),(87,'Atque id fuga rem autem quae.'),(88,'Nesciunt eligendi autem quasi eum sit minima mollitia.'),(89,'Officia et deserunt impedit voluptate numquam beatae.'),(90,'Molestias soluta explicabo soluta eveniet.'),(91,'Enim sed sint at et repellendus voluptates harum.'),(92,'Dicta omnis autem molestiae eligendi et perspiciatis.'),(93,'Dolorem molestias nihil accusantium odio ut porro.'),(94,'Eveniet est assumenda voluptas sunt ad aut aut in.'),(95,'Beatae consequatur officiis suscipit molestiae et ea numquam.'),(96,'Aut ea asperiores ea magni quo maxime.'),(97,'Sunt totam et omnis blanditiis illo.'),(98,'Eum architecto rem eius alias vero ipsum.'),(99,'Repudiandae facere consequatur odit ea et aliquid eaque.'),(100,'Omnis excepturi quae nihil.'),(101,'Laskar Pelangi'),(102,'Pelangi senja');
/*!40000 ALTER TABLE `book` ENABLE KEYS */;
UNLOCK TABLES;

--
-- Table structure for table `order_book`
--

DROP TABLE IF EXISTS `order_book`;
/*!40101 SET @saved_cs_client     = @@character_set_client */;
/*!40101 SET character_set_client = utf8 */;
CREATE TABLE `order_book` (
  `order_book_id` int(11) NOT NULL AUTO_INCREMENT,
  `user_id` int(11) NOT NULL,
  `book_id` int(11) NOT NULL,
  `item_count` int(11) NOT NULL,
  `order_date` datetime NOT NULL,
  PRIMARY KEY (`order_book_id`),
  KEY `order_book_fk0` (`user_id`),
  KEY `order_book_fk1` (`book_id`),
  CONSTRAINT `order_book_fk0` FOREIGN KEY (`user_id`) REFERENCES `user` (`user_id`),
  CONSTRAINT `order_book_fk1` FOREIGN KEY (`book_id`) REFERENCES `book` (`book_id`)
) ENGINE=InnoDB AUTO_INCREMENT=120 DEFAULT CHARSET=utf8 COLLATE=utf8_unicode_ci;
/*!40101 SET character_set_client = @saved_cs_client */;

--
-- Dumping data for table `order_book`
--

LOCK TABLES `order_book` WRITE;
/*!40000 ALTER TABLE `order_book` DISABLE KEYS */;
INSERT INTO `order_book` VALUES (115,123,101,13,'2018-09-26 17:16:32'),(116,123,102,10,'2018-09-26 17:16:50'),(117,123,101,10,'2018-09-26 17:29:23'),(118,125,101,2,'2018-09-30 17:43:23'),(119,125,101,2,'2018-09-30 17:48:41');
/*!40000 ALTER TABLE `order_book` ENABLE KEYS */;
UNLOCK TABLES;

--
-- Table structure for table `review`
--

DROP TABLE IF EXISTS `review`;
/*!40101 SET @saved_cs_client     = @@character_set_client */;
/*!40101 SET character_set_client = utf8 */;
CREATE TABLE `review` (
  `review_id` int(11) NOT NULL AUTO_INCREMENT,
  `user_id` int(11) NOT NULL,
  `book_id` int(11) NOT NULL,
  `content` text COLLATE utf8_unicode_ci NOT NULL,
  `rating` float NOT NULL,
  `order_id` int(11) DEFAULT NULL,
  PRIMARY KEY (`review_id`),
  KEY `review_fk0` (`user_id`),
  KEY `review_fk1` (`book_id`),
  CONSTRAINT `review_fk0` FOREIGN KEY (`user_id`) REFERENCES `user` (`user_id`),
  CONSTRAINT `review_fk1` FOREIGN KEY (`book_id`) REFERENCES `book` (`book_id`)
) ENGINE=InnoDB AUTO_INCREMENT=125 DEFAULT CHARSET=utf8 COLLATE=utf8_unicode_ci;
/*!40101 SET character_set_client = @saved_cs_client */;

--
-- Dumping data for table `review`
--

LOCK TABLES `review` WRITE;
/*!40000 ALTER TABLE `review` DISABLE KEYS */;
INSERT INTO `review` VALUES (1,73,39,'Reiciendis expedita quod qui dolores iure laudantium. Quod ut sint provident quis voluptas quis vel. Harum quia nam minus cupiditate officiis autem. Ut nobis repudiandae nostrum.',0.09,NULL),(2,48,31,'Cupiditate enim nihil ut esse. Numquam velit odit in nisi. Sed blanditiis nulla facere quam.',4.7,NULL),(3,57,1,'Molestiae explicabo earum consequatur nihil corporis ipsa. Tempore natus quae mollitia et.\nEst aut velit quia quibusdam. Non laborum libero perspiciatis. Voluptatem qui aut ut error doloremque ex.',0.22,NULL),(4,91,63,'Doloremque quaerat quam atque doloribus incidunt. Provident est quo hic aliquam est nihil. Quo ratione in placeat ipsam. Magnam sequi aliquam qui.',3.48,NULL),(5,29,87,'Et totam explicabo et rerum esse voluptatem enim. Nostrum omnis est sunt eum quos dicta ipsa.',4.41,NULL),(6,10,98,'Sequi molestias quia qui dignissimos qui impedit. Nihil quo quia quo in. Non libero amet non consequatur velit qui. Sunt omnis facere necessitatibus quod nisi est a odio.',3.53,NULL),(7,28,85,'Architecto nisi et molestias ducimus aut eligendi. Autem in dolor aut non itaque. Blanditiis qui delectus commodi. Animi fugiat dolore sequi voluptatem minus impedit quia.',1.7,NULL),(8,58,9,'Qui modi ipsam assumenda et qui. Repellendus odio corrupti explicabo impedit. Et id eius cumque temporibus doloremque.',0.67,NULL),(9,9,15,'Id minima magnam quis doloremque. Harum ullam repudiandae et nam sed est. Et excepturi et beatae.',4.79,NULL),(10,19,10,'Vel atque neque et error enim et iusto. Aut ullam quo enim deleniti. Sint modi distinctio asperiores sapiente. Doloremque iste soluta mollitia est dolores.',2.72,NULL),(11,91,13,'Et et nam molestias iusto quia dolores. Deserunt dolorum in similique. Soluta doloribus facere nemo autem pariatur sequi. Repellendus corrupti nostrum esse. Ea ab saepe ut perspiciatis asperiores.',4.4,NULL),(12,11,30,'Laborum quidem sit impedit. Quaerat quos ea nobis cupiditate incidunt optio non. Corrupti ex iste non vel maiores quia. Tempore qui quo non harum quis.',0.37,NULL),(13,3,76,'Quia ipsam praesentium animi iusto natus at. Repudiandae et nobis fuga aut. Harum adipisci natus doloribus et amet voluptate assumenda.',1.95,NULL),(14,99,95,'Est voluptas repellendus nesciunt facere inventore eaque. Ut quibusdam deleniti sint quis eius natus. Aut accusantium nulla sed vel est excepturi.',0.62,NULL),(15,13,91,'Qui rem dolor quo esse voluptas dolor quo. Non et voluptatem consequatur. Eius laborum voluptas quae saepe fugit reprehenderit consectetur.',0.51,NULL),(16,3,85,'Quas assumenda ut eum rerum quia delectus. Suscipit aliquam cumque sunt consequatur aliquam ipsa reiciendis. A alias est nisi sunt. Quos tenetur animi blanditiis est omnis.',3.94,NULL),(17,30,51,'Exercitationem dicta nihil laborum unde at. Sint eos aut ea odio totam distinctio. Laudantium quisquam eaque eum debitis aut praesentium perspiciatis.',2.32,NULL),(18,16,87,'Commodi inventore sint dolorum quis voluptatibus. Optio sed voluptas qui. Aspernatur corporis ducimus doloribus voluptatem.',1.37,NULL),(19,51,6,'Incidunt velit sint suscipit cum. Expedita debitis qui explicabo voluptas et. Dicta numquam hic nihil quas. Consequatur voluptatem blanditiis qui rerum sunt vel autem.',2.88,NULL),(20,49,79,'Esse placeat at et quis dolore accusamus non hic. Nam aliquam exercitationem itaque. Quo ratione dolor aspernatur adipisci recusandae iure rem. Et illo libero temporibus iure.',2.37,NULL),(21,93,59,'Molestias tempore tempore provident tenetur sed in vero. Et non vero pariatur sed. Cum voluptatem esse dolorem quae mollitia in. Eos non cumque id iste.',4.38,NULL),(22,76,20,'Vel laborum sit quibusdam voluptatibus. Ut voluptates voluptatem voluptates qui eveniet ab.',1.34,NULL),(23,43,34,'Aut recusandae hic sapiente aut est. Ipsum reprehenderit ex vel minus qui voluptas. Et dolore quia vel et. Voluptas beatae autem cumque voluptas nam doloremque. Omnis consequatur esse aut.',1.08,NULL),(24,28,52,'Tempora aperiam natus ipsum repudiandae vitae. Quae ipsa provident distinctio. Deserunt nihil veritatis rerum consectetur eos et assumenda praesentium. Culpa dolor quisquam sit accusamus aspernatur.',4.99,NULL),(25,49,47,'Sit velit enim ullam vel corrupti aut aut. Iure ullam vel ratione. Tenetur sit officiis sapiente odio et ut. Maxime molestiae qui iste pariatur qui. Magni velit animi sit quo.',0.32,NULL),(26,61,39,'Et quo totam sequi voluptatum dolor suscipit. Sed sequi sint eos qui rerum officiis odit. Tempora in quam similique velit et ut voluptatem.',4.43,NULL),(27,60,72,'At et eos harum ut. Autem laudantium laborum enim pariatur dolores. Est corporis tempore ut consequatur nemo.',0.74,NULL),(28,68,62,'Itaque quam quo quo. Beatae aut vel autem deserunt error rerum tenetur. Consequatur temporibus dolor iste magnam laborum. Deserunt ut omnis culpa esse dolor nesciunt.',1.13,NULL),(29,48,67,'Ea consequatur architecto in sunt laboriosam voluptatem. Soluta iure et facere quam consequuntur. Cumque sit in consectetur iste cum quia. Ut nihil ab similique a ea.',2.77,NULL),(30,57,60,'Non qui quia a magni dolor. Dolores ex quia consequuntur aut magni. Quo autem nostrum aut molestiae libero vitae ea consequatur. Ducimus eius suscipit et enim.',4.67,NULL),(31,58,59,'Optio rerum in nulla aut in. Dignissimos magnam iure ut. Ea nobis doloremque molestias molestiae saepe.',1.01,NULL),(32,45,87,'Quasi eum distinctio autem rem doloribus. Fuga consectetur veniam omnis tenetur. Illum et sed iusto eos dolor quisquam. Perferendis nesciunt eius qui iure voluptatibus.',4.96,NULL),(33,9,60,'Ut beatae ut ducimus voluptatem blanditiis quidem. Velit nobis est ut quia tenetur sint sint. Ullam saepe praesentium atque tempora est neque similique qui.',2.87,NULL),(34,74,59,'Incidunt culpa molestiae et dolorem. Commodi sapiente placeat repellat illo. Quidem qui est voluptatum ut adipisci odio. Non inventore quasi et corrupti animi eius pariatur.',1.48,NULL),(35,66,22,'Ut ex soluta est fuga et. Adipisci maiores recusandae enim excepturi explicabo. Omnis explicabo voluptates harum culpa modi quidem facilis consequatur.',3.36,NULL),(36,38,58,'Non nam eaque corporis enim magnam. Enim cumque odio quia. Dolor debitis vel assumenda commodi aut.',3.34,NULL),(37,81,14,'Atque libero eos sed ab odit sequi. Quis et ut sit ab quibusdam deleniti tempore. Nihil odit quae quaerat aliquam et quo vitae. Recusandae itaque facere aperiam quia impedit tenetur eos itaque.',1.82,NULL),(38,77,24,'Ea tempore ut officia ut deserunt. Dicta est aut impedit odit suscipit ratione. Minima est magni alias qui occaecati qui. In nam et ex mollitia qui.',0.48,NULL),(39,48,4,'Eligendi et molestias et voluptatem non. Commodi asperiores mollitia velit. Et ipsam repellat a.',4.12,NULL),(40,75,96,'Eius beatae ut corrupti voluptatem qui sed at velit. Sint in explicabo mollitia aliquam voluptatem. Natus suscipit soluta tempore quam perspiciatis debitis.',0.5,NULL),(41,50,36,'Perspiciatis corrupti fugit ad amet non aspernatur aliquam. Totam sit veritatis ea. Dignissimos sequi repellat et sequi.',1.62,NULL),(42,34,9,'Autem doloribus perspiciatis voluptatem beatae dicta qui sed laborum. Laudantium quidem nostrum eaque. Dolores asperiores dolor ex et. Voluptatibus a labore ex iusto beatae distinctio tempore.',2.82,NULL),(43,7,2,'Debitis sed nemo ut omnis et. Fugit impedit suscipit porro. Voluptate aut ut esse. Distinctio error modi illum quia dolores itaque.',4.15,NULL),(44,71,54,'Minima explicabo quibusdam asperiores at. At culpa temporibus veritatis aspernatur voluptas necessitatibus doloremque. Voluptatem labore in esse molestiae quasi eum. Quibusdam aspernatur quia vel.',1.65,NULL),(45,68,27,'Sit repellat ex labore ut. Repellendus est consequatur voluptates nisi doloribus. Velit in dicta maiores voluptatem maiores voluptatem. Magni sint aliquam voluptatem.',3.42,NULL),(46,13,25,'Harum quidem corrupti vel ex omnis. Ratione aliquid voluptates iste non reprehenderit. Facilis assumenda odio blanditiis fugiat numquam adipisci et.',1.96,NULL),(47,85,57,'Veritatis sint et ea fugiat. Sunt voluptas id et ratione exercitationem quae. Libero et et voluptatem velit eius ullam dicta. Qui ea molestias consequuntur.',1.72,NULL),(48,12,94,'Et alias consequatur laborum iste. Facilis nisi consequatur cum quae illo corrupti. Animi molestiae voluptatem voluptatem ea sequi. Eos quia est illo. In facere dolore dolorem.',0.48,NULL),(49,17,85,'Ut qui vel excepturi praesentium consequatur pariatur iure. Atque ut nisi eum dolorem dolorem itaque est. Illo reiciendis perspiciatis quibusdam in aperiam.',2.25,NULL),(50,53,82,'Et tenetur qui id esse aut ab dignissimos. Amet in vero molestiae error id. Cum aut velit est. Quas maxime ut quidem est rerum aut ab.',4.01,NULL),(51,7,90,'Dignissimos doloribus sint ut sapiente et vitae eos et. Ea et voluptatem et dolor. Ipsam quo omnis consequatur aliquam.',3.85,NULL),(52,39,87,'Assumenda sit occaecati ipsa ad dolore libero quo. Excepturi expedita incidunt at deserunt repudiandae veritatis distinctio. Ipsa illo temporibus maxime tempora odit.',0.36,NULL),(53,4,16,'Voluptas molestiae laboriosam mollitia dolor. Eum tempore in corporis non aut recusandae. Suscipit voluptatem repellat mollitia optio. Quia quia porro tenetur dolorem molestiae eligendi.',1.87,NULL),(54,10,51,'Harum amet nobis reiciendis sunt praesentium id. Consectetur ratione omnis ullam suscipit non reiciendis. Aut consequatur officia et aut.',2.24,NULL),(55,19,84,'Incidunt hic accusamus est nulla quam. Aut et ut ipsa facilis non autem sit. Eos sint voluptas ut quia.',3.94,NULL),(56,46,69,'Repellendus sint et accusantium commodi eos ratione distinctio. Omnis veniam autem ut. Rerum quas voluptatem qui atque animi et.',4.81,NULL),(57,20,80,'Eaque dolores vel cum est in. Et veniam et incidunt nostrum aut adipisci. Aut nam nesciunt quia velit. Sint et quia inventore. Molestiae accusamus nisi doloribus veritatis.',2.84,NULL),(58,78,26,'Et quasi eum autem soluta laborum. Voluptas rerum autem rerum et. Saepe libero qui amet aut dolorem. Et corrupti exercitationem rerum iure.',1.07,NULL),(59,81,49,'Eos est quia nisi quis quos. Quo repellat non optio et ipsam sequi. Nemo quibusdam id sit rerum est. Est ratione nam voluptatibus consequatur et rerum aspernatur.',2.79,NULL),(60,79,49,'Aut expedita at consequuntur esse laborum assumenda quia. Corporis voluptas accusamus voluptatibus et.',2.03,NULL),(61,75,92,'Necessitatibus occaecati fugit sed iure laborum placeat voluptates. Ut alias aut quam asperiores quibusdam dolores et. Earum velit eos voluptatem voluptatem ab.',2.66,NULL),(62,73,60,'Sit ad repellat iste rerum. Quod inventore ex unde voluptatem eveniet et accusantium. Incidunt qui repellat et ex doloribus ipsum libero. Et architecto voluptatem occaecati laudantium et enim.',1.7,NULL),(63,49,85,'Nostrum dolores dolor iusto voluptas debitis repudiandae. Aliquid aut veritatis beatae non nihil molestiae. Aut ut maiores consectetur. Sunt dolore sequi autem nemo quo.',2.43,NULL),(64,53,65,'Dolores quisquam molestiae ab qui in delectus. Quia est dolorem dicta autem sed impedit. Odit enim iure ex sunt voluptas quasi. Accusantium explicabo pariatur quia ipsa qui.',0.42,NULL),(65,69,5,'Repellat deserunt mollitia voluptatem iste. Ut dolorum quia ut dolores ut aliquam consequatur. Cumque vitae quas ut at aut iusto nihil. Dicta sed neque sequi voluptatum iure.',2.13,NULL),(66,47,75,'Ut sit unde doloribus illo qui sit. Excepturi nihil eligendi debitis molestiae repellendus. Omnis consequatur animi est quo qui praesentium.',4.56,NULL),(67,95,85,'Porro qui et non qui voluptates non qui. Sit qui et consequatur non provident ut consequatur. Ut rerum non sequi ullam. Nostrum asperiores voluptatem et autem consequuntur consequuntur voluptatem.',0.5,NULL),(68,62,98,'Maxime sequi eum et praesentium ullam. Sit eum et inventore. Sit ut voluptatem rem itaque.',1.73,NULL),(69,1,71,'Corporis dolores harum voluptatibus eaque fugit. Earum natus corrupti voluptatem voluptas. Consectetur exercitationem est saepe corrupti et ea et.',3.95,NULL),(70,48,20,'Expedita tenetur eum officia labore mollitia doloremque laudantium. Accusamus voluptatem commodi reprehenderit sit. Quasi libero voluptate error quasi quaerat voluptas nesciunt.',3.95,NULL),(71,55,94,'Nulla repellat et modi quam id. Qui ullam officiis temporibus non repellendus debitis vel. Nostrum in debitis ratione deleniti autem. Odit hic aut corrupti corporis.',4.55,NULL),(72,89,74,'Nulla quos enim non soluta. Et et natus est ad et accusamus. Architecto quae voluptas esse fugiat voluptatibus. Nulla inventore libero non ipsa et aperiam.',1.58,NULL),(73,74,66,'Sit et mollitia exercitationem eum. Iste ex et eos omnis sint ut. Quia ut voluptatem molestiae ipsum.',4.77,NULL),(74,99,55,'Veritatis odit recusandae earum facilis. Veritatis et adipisci sit minus. Vitae et voluptatem consequatur voluptatibus veniam praesentium tempora. Maxime ut et sed inventore voluptatibus a aliquam.',1.98,NULL),(75,14,78,'Rerum architecto voluptatem optio in occaecati optio tempore. Voluptatem sunt et eius vel inventore ab odit officiis. Eos quos culpa porro asperiores aut.',3.79,NULL),(76,3,89,'Dolorem ut quia qui accusantium. Molestiae ab quam eum illo. Amet est nesciunt beatae ipsa. Et veritatis cum alias est est sint et sunt.',1.57,NULL),(77,69,76,'Natus quia aperiam velit laborum suscipit fugiat modi voluptatum. Quidem et aut praesentium et fugiat voluptates incidunt. Est magnam velit odit. Et inventore eius quos quibusdam.',0.92,NULL),(78,48,17,'Inventore nemo et numquam in velit. Dicta eum saepe vero eaque odit. Est quae velit sit at nesciunt. Ut asperiores dolor ducimus maxime mollitia dolorum id.',2.47,NULL),(79,60,1,'Maxime consequatur velit suscipit vitae a illo. Excepturi veritatis veniam nulla beatae.',4.74,NULL),(80,82,28,'Quaerat repellat quis cum. Tempora culpa est illum tempora. Quae esse delectus eligendi dignissimos nihil.',2.85,NULL),(81,6,28,'Dolorum veritatis non rerum et voluptates sunt quia molestiae. Id quis repellendus sunt consequatur asperiores vero. Quidem fugit non cupiditate velit molestias.',4.39,NULL),(82,3,100,'Sint quaerat eum dolore sint optio. Quia sapiente suscipit voluptas aliquam nulla.',4.35,NULL),(83,13,65,'Rerum dolores nisi perspiciatis harum doloribus non impedit. Sed fugit et quod id illo non porro qui. Adipisci quia incidunt dicta qui ullam.',3.77,NULL),(84,98,13,'At iure dolorem aut aut modi. Perspiciatis optio voluptas facilis inventore voluptas unde aperiam. Repudiandae aut aut et incidunt.',4.25,NULL),(85,35,46,'Placeat nemo libero error dolor. Et et molestiae eveniet nobis distinctio. Quia temporibus et omnis commodi. Accusantium reiciendis sint qui quia impedit enim.',0.58,NULL),(86,32,90,'Sequi ipsa esse commodi vero. Laboriosam vel explicabo sapiente et consequuntur. Mollitia sit cupiditate quidem aspernatur similique.',4.82,NULL),(87,39,20,'Id non aperiam in unde veniam. Placeat sed non officia. Consectetur ipsum et ad fugit molestias cum velit. Nemo ea laborum rem consectetur neque.',0.28,NULL),(88,64,13,'Illum odio ut iure eligendi. Et veniam est praesentium nisi reiciendis dolores.',1.42,NULL),(89,86,63,'Omnis minima aperiam soluta sequi repellat voluptatum. Sint natus soluta quia enim ipsa. Rem molestiae eius fugiat incidunt.',3.82,NULL),(90,67,100,'Sit nam et modi accusantium minus laborum. Minima beatae vitae mollitia deleniti aspernatur. Et consequuntur laudantium ut.',1.76,NULL),(91,40,69,'Reiciendis fuga temporibus rerum qui dolores in iure. Consectetur accusamus quia officiis assumenda voluptatem incidunt eum. Nobis earum adipisci sed voluptatibus.',2.84,NULL),(92,88,9,'Deleniti eum odit aliquid eum repellendus. Laudantium ut enim blanditiis esse. Qui ipsa facere aspernatur beatae. Aut et nisi aut eaque officia error. Dolorem quo non cupiditate expedita.',1.88,NULL),(93,44,36,'Quia aut porro velit cumque nemo tempore. Explicabo vel unde dolores iure non sunt. Cum odio illum ratione blanditiis alias eos. Harum explicabo et reiciendis odit.',2.47,NULL),(94,26,4,'Atque nemo eum cupiditate quis totam molestiae. Animi ratione molestiae corrupti enim aut. Dicta tempore optio autem.',0.5,NULL),(95,36,7,'Assumenda repellat eos quis saepe. Ut omnis quibusdam officiis aut sit tempore. Eos cumque et amet dolores. Ratione itaque beatae totam illo maiores.',0.19,NULL),(96,31,41,'Voluptatum nihil sit quia sunt qui inventore. Laboriosam facere quo ad tempora quia excepturi.',4.78,NULL),(97,35,34,'Iusto et non delectus id unde qui consectetur. Aut eum est inventore similique. Excepturi sunt quisquam occaecati doloribus eius. Dignissimos facilis soluta dolores corrupti id beatae.',1.69,NULL),(98,41,47,'Tenetur quia voluptate provident impedit cum rerum veritatis omnis. Suscipit illum repudiandae quam soluta dolor. Consequuntur vitae ea ea.',0.36,NULL),(99,98,38,'Molestiae nobis facere rerum sapiente laborum rerum. Ullam neque vel ut quas sunt aut. Corporis ullam dicta iste quibusdam in qui quasi.',2.58,NULL),(100,60,33,'Ut ut quis in voluptatem ea et maxime. Et ad aliquid nostrum officiis ut a. Quia illum autem repudiandae omnis quis.',0.89,NULL),(101,123,1,'xxxxxx',3,101),(102,123,33,'xxxx',3,103),(103,123,33,'WAALAIKUMSALAM',4,102),(104,123,33,'gagaga',3,104),(105,123,33,'nnnnnnnnnnnnnnnnnnn',3,105),(106,123,33,'Buku ini membuat saya bisa mengerjakan wbd dengan mudah dan lancar',3,110),(107,123,33,'Buku ini membuat saya bisa mengerjakan wbd dengan mudah dan lancar',3,110),(108,123,33,'Buku ini membuat saya bisa mengerjakan wbd dengan mudah dan lancar',3,110),(109,123,33,'Buku ini membuat saya bisa mengerjakan wbd dengan mudah dan lancar',3,110),(110,123,40,'Coba kamu gantent',3,111),(111,123,40,'test 123',3,112),(112,123,40,'test 123',3,112),(113,123,40,'test 123',3,112),(114,123,40,'test 123',3,112),(115,123,40,'test 123',3,112),(116,123,40,'test 123',3,112),(117,123,40,'test 123',3,112),(118,123,40,'test 123',3,112),(119,123,40,'test 123',3,112),(120,123,40,'test 123',3,112),(121,123,40,'test 123',3,112),(122,123,40,'test 123',3,112),(123,123,101,'Buku ini membuat saya belajar untuk hidup yang lebih baik dan lebih berusaha dalam mengejar impian dari masing - masing individu dari kita.',5,115),(124,125,101,'Saya tidak menemukan pelangi di buku ini',1,119);
/*!40000 ALTER TABLE `review` ENABLE KEYS */;
UNLOCK TABLES;

--
-- Table structure for table `session_storage`
--

DROP TABLE IF EXISTS `session_storage`;
/*!40101 SET @saved_cs_client     = @@character_set_client */;
/*!40101 SET character_set_client = utf8 */;
CREATE TABLE `session_storage` (
  `session_storage_id` varchar(45) NOT NULL,
  `username` varchar(32) NOT NULL,
  `hpass` varchar(256) NOT NULL,
  `user_id` int(11) NOT NULL,
  `http_user_agent` varchar(125) NOT NULL,
  `ip_address` varchar(45) NOT NULL,
  `expired_time` varchar(45) DEFAULT NULL,
  PRIMARY KEY (`session_storage_id`),
  UNIQUE KEY `session_storage_id_UNIQUE` (`session_storage_id`)
) ENGINE=InnoDB DEFAULT CHARSET=latin1;
/*!40101 SET character_set_client = @saved_cs_client */;

--
-- Dumping data for table `session_storage`
--

LOCK TABLES `session_storage` WRITE;
/*!40000 ALTER TABLE `session_storage` DISABLE KEYS */;
INSERT INTO `session_storage` VALUES ('12345','mhabibih','1432n4k',123,'mozilla','123.4.5.6',NULL),('5BeQuBdn3W8X36pW','mhabibih','8b2e2fcdb435be0316508161db6b318807c8535b558311bcb485ea6017b8e72e',123,'Mozilla/5.0 (X11; Linux x86_64) AppleWebKit/537.36 (KHTML, like Gecko) Chrome/70.0.3538.77 Safari/537.36','127.0.0.1','1543337993.9352'),('GBUs138eadeJlnVE','mhabibih','8b2e2fcdb435be0316508161db6b318807c8535b558311bcb485ea6017b8e72e',123,'Mozilla/5.0 (X11; Linux x86_64) AppleWebKit/537.36 (KHTML, like Gecko) Chrome/70.0.3538.77 Safari/537.36','127.0.0.1','1543337919.9832'),('hJyyBi6aWgkHNoX7','mhabibih','8b2e2fcdb435be0316508161db6b318807c8535b558311bcb485ea6017b8e72e',123,'Mozilla/5.0 (X11; Linux x86_64) AppleWebKit/537.36 (KHTML, like Gecko) Chrome/70.0.3538.77 Safari/537.36','127.0.0.1','1543337300.5267'),('O3l38YBApPSo2i6Q','mhabibih','8b2e2fcdb435be0316508161db6b318807c8535b558311bcb485ea6017b8e72e',123,'Mozilla/5.0 (X11; Linux x86_64) AppleWebKit/537.36 (KHTML, like Gecko) Chrome/70.0.3538.77 Safari/537.36','127.0.0.1','1543337817.4157'),('OGQRxUkdSZx7XTc1','mhabibih','8b2e2fcdb435be0316508161db6b318807c8535b558311bcb485ea6017b8e72e',123,'Mozilla/5.0 (X11; Linux x86_64) AppleWebKit/537.36 (KHTML, like Gecko) Chrome/70.0.3538.77 Safari/537.36','127.0.0.1','1543337939.7151'),('Ov22PaUyCz334Y92','mhabibih','8b2e2fcdb435be0316508161db6b318807c8535b558311bcb485ea6017b8e72e',123,'Mozilla/5.0 (X11; Linux x86_64) AppleWebKit/537.36 (KHTML, like Gecko) Chrome/70.0.3538.77 Safari/537.36','127.0.0.1','1543337429.1602'),('qH9agSogakqH9sCg','mhabibih','8b2e2fcdb435be0316508161db6b318807c8535b558311bcb485ea6017b8e72e',123,'Mozilla/5.0 (X11; Linux x86_64) AppleWebKit/537.36 (KHTML, like Gecko) Chrome/70.0.3538.77 Safari/537.36','127.0.0.1',NULL),('sI6QXOgjwTOVdXwg','mhabibih','8b2e2fcdb435be0316508161db6b318807c8535b558311bcb485ea6017b8e72e',123,'Mozilla/5.0 (X11; Linux x86_64) AppleWebKit/537.36 (KHTML, like Gecko) Chrome/70.0.3538.77 Safari/537.36','127.0.0.1','1543337417.8578'),('xi63yVCCxn93U72A','mhabibih','8b2e2fcdb435be0316508161db6b318807c8535b558311bcb485ea6017b8e72e',123,'Mozilla/5.0 (X11; Linux x86_64) AppleWebKit/537.36 (KHTML, like Gecko) Chrome/70.0.3538.77 Safari/537.36','127.0.0.1','1543337875.8971');
/*!40000 ALTER TABLE `session_storage` ENABLE KEYS */;
UNLOCK TABLES;

--
-- Table structure for table `user`
--

DROP TABLE IF EXISTS `user`;
/*!40101 SET @saved_cs_client     = @@character_set_client */;
/*!40101 SET character_set_client = utf8 */;
CREATE TABLE `user` (
  `user_id` int(11) NOT NULL AUTO_INCREMENT,
  `username` varchar(32) COLLATE utf8_unicode_ci NOT NULL,
  `fullname` varchar(128) COLLATE utf8_unicode_ci NOT NULL,
  `email` varchar(128) COLLATE utf8_unicode_ci NOT NULL,
  `address` varchar(256) COLLATE utf8_unicode_ci NOT NULL,
  `phone` varchar(16) COLLATE utf8_unicode_ci DEFAULT NULL,
  `hpass` varchar(256) COLLATE utf8_unicode_ci NOT NULL,
  `img_path` varchar(255) COLLATE utf8_unicode_ci DEFAULT NULL,
  `card_number` varchar(45) COLLATE utf8_unicode_ci DEFAULT NULL,
  PRIMARY KEY (`user_id`)
) ENGINE=InnoDB AUTO_INCREMENT=127 DEFAULT CHARSET=utf8 COLLATE=utf8_unicode_ci;
/*!40101 SET character_set_client = @saved_cs_client */;

--
-- Dumping data for table `user`
--

LOCK TABLES `user` WRITE;
/*!40000 ALTER TABLE `user` DISABLE KEYS */;
INSERT INTO `user` VALUES (1,'daniela.conroy','Prof. Rodrigo Ritchie','fahey.mara@example.org','333 Nicolas Spur Apt. 251\nLetamouth, DE 23873',NULL,'17f99862e19dcb0b060781c4ba847bd4dea0bbf1a1de2ebfb17bcfa9de90eba9',NULL,NULL),(2,'wisozk.turner','Michaela Gaylord','jorge76@example.com','4256 Nyasia Ville\nEast Leo, WY 55880',NULL,'06abdcc74fe83f79f51b547b838e40ec9e20a616e5d5efe6e6ab6344ea544cb5',NULL,NULL),(3,'mekhi93','Ofelia Grimes','elisa26@example.com','657 Schaden Forge\nNorth Kaitlyn, MI 02458-2766',NULL,'78c6fcda03622c78ab7179014059781833d41e2c8241c00a916033b137bafccb',NULL,NULL),(4,'baumbach.dana','Verner Zulauf','erna.little@example.org','67895 Carmela Shore Apt. 604\nNew Thora, SC 36049',NULL,'2cf5901f7c72b28e6ce754edd80d7375caaf96cfda166b7e7a60c7cd3c3d1714',NULL,NULL),(5,'uboyer','Autumn Feeney','mwill@example.com','1923 Valentina Station Suite 322\nNorth Coreneport, WY 01359',NULL,'1e4449aefc3e76f476dc416d303695962bfd4273a96396ce758718cd1cf1070a',NULL,NULL),(6,'cooper16','Mr. Oren Boyer II','rosenbaum.sandrine@example.net','438 Darrick Radial\nSouth Katarina, OK 54146-1129',NULL,'cf7132863d83c49ce843b756d62d4f903b8f6137fdef9d1b3abb01c80e568c9a',NULL,NULL),(7,'ruthie.corkery','Raquel Kovacek','darius.gorczany@example.com','5581 Asha Crest Suite 688\nKassulkeborough, NE 79057-3086',NULL,'c5d65f89d3ae0e820e6ed122024070bd8743e9f446401250f2faff8b29e195f5',NULL,NULL),(8,'aiyana.brekke','Mrs. Maiya Stanton I','dboehm@example.com','151 Eduardo Way\nNorth Jaidamouth, NC 70903',NULL,'42b27cd65392e928fd5bdde5070fc9604b515534d63d91e15fc9e055f8192490',NULL,NULL),(9,'adonis28','Eliane Cormier','nprosacco@example.net','509 Conroy Lake\nParisborough, KY 35098-2312',NULL,'170156e64f8f5370c2959ea401f7e72853d2aab98009070aa646a44c25e1e71e',NULL,NULL),(10,'angel.watsica','Jerry Wuckert','gkiehn@example.net','84096 Fadel Plains\nLake Cole, ID 18247',NULL,'cf2c867a0e0a6475df5c8686cddf468823a3248d44109722d96a855d62fc40fa',NULL,NULL),(11,'kristian.cormier','Mr. Otho Gislason III','caleigh.stamm@example.net','1329 Eleazar Greens Suite 518\nJasonburgh, WA 92159-0351',NULL,'729abc5743611adf7226f776244afa820549fbe5be529ed80e58c1d65621bcd9',NULL,NULL),(12,'bkeebler','Immanuel Hilll','eriberto.littel@example.org','83086 Liliane Hills Apt. 861\nEast Carmelastad, NE 29274-5226',NULL,'f45a6a795357acfbc66f05471f446c227c56956b745952c5a38bed0348c263af',NULL,NULL),(13,'memes','Memes sudirman','langosh.hazel@example.com','67781 Alene Estate Apt. 121\nRobelmouth, SD 12260',NULL,'064b1b60fa96dc5a7a49f461f1ceb7a0db34d38405f4fb9dea9241ad408a00f6',NULL,NULL),(14,'reilly.o\'kon','Mr. Deron Beahan','baron43@example.com','1128 Cummings Crossroad\nJalynmouth, SC 86808',NULL,'4a0c461e1d6d1466b5976c8300db2ea1b57b8ba7093c324a09e32ea2f61fe06d',NULL,NULL),(15,'una.reinger','Timmy Corwin','winfield60@example.net','02326 Cremin Fields Suite 391\nPort Maximilianville, AK 99161',NULL,'dc41e320cd84ccc5fca86c1a9263f384dd7c97c8de9ff66cba698c2378d8e17f',NULL,NULL),(16,'pietro.stark','Dr. Alvis Koelpin Jr.','vo\'reilly@example.com','382 Lonie Vista\nConnellychester, WI 40713-1117',NULL,'12be0752015b9e6fd939b0ad1faf4d246dd3d6d34d582f3d63bd3373af3b75c7',NULL,NULL),(17,'kathryne67','Dr. Willis Lueilwitz','littel.valentine@example.net','73826 Jakubowski Lodge\nKipville, CA 54635-3655',NULL,'fe1a877260d85e8782ac728e986668ddc2a01a4c0405f6a4d8cd2ff9f732fac8',NULL,NULL),(18,'weissnat.mckenna','Prof. Gwen Kuphal III','vborer@example.net','396 Dolores Avenue\nEast Jonaston, CT 12590',NULL,'e351fe41dbbaa8c239400e758f97e422ab048802589312172087cefa7150e3ef',NULL,NULL),(19,'evert.ward','Dr. Maryse Schmeler MD','little.michele@example.com','822 Rice Estate\nEast Breana, OH 20625',NULL,'5f63a57eb74a092f3902a2a5692fb1c8d9fc74fd344a8cce34713003e700c1ad',NULL,NULL),(20,'paula.dooley','Agnes Marks','walter.destinee@example.org','488 Bins Motorway Apt. 315\nMertzview, MA 25846-3337',NULL,'e6ed4eae013f56ca6551f6203957fb3d91556e51005859c954f561d3c7e04baa',NULL,NULL),(21,'larson.mitchel','Ibrahim Runolfsson III','mpaucek@example.net','49975 Jay Way\nKrisborough, MI 80865',NULL,'d2f9cc21df8562d68c0099ba3e98e482337bb9a6d1e958a0c804168e52ff0107',NULL,NULL),(22,'gnienow','Kelli Connelly','joyce.bradtke@example.net','533 Terry Run Suite 404\nEast Dana, TX 71086-5206',NULL,'1fa1c26ccb097fd5fd195d3350e6af09c97c0cc964e8e0c0c6d5fb1b1f34febd',NULL,NULL),(23,'alexzander72','Bailee Runolfsdottir','marques42@example.com','954 Kassulke Coves\nEast Doyle, HI 10462',NULL,'fcfaf29286eb8df5094184a26ea745c044cf44d71260bb2aabb2d541b4e86d28',NULL,NULL),(24,'ikeeling','Queenie Lang','scorkery@example.org','5847 Bethel Keys Suite 479\nNorth Gus, NV 94484',NULL,'82a1947cdb1c8118389845a7581d22e35a998556dc27c4b68cf232f5fe243d02',NULL,NULL),(25,'abdullah.koch','Annamarie Blick','temmerich@example.com','0187 Strosin Forge Apt. 066\nLake Remingtonborough, IL 57387-8809',NULL,'60da105f36984b24ab222d09c4018ec8a3733aede67370df399bfbb4a932fd78',NULL,NULL),(26,'ywintheiser','Dr. Ignacio Kreiger','yolanda44@example.net','393 Corene Roads Suite 131\nFrankside, VA 13254',NULL,'1d2844bd69a2e8f3b340d9486a912086a5d10e56855d3504f6bfece12e5a03c0',NULL,NULL),(27,'farrell.nakia','Gustave Hills III','garfield.padberg@example.com','3173 Fred Groves Apt. 559\nLake Hazleville, HI 92981-1092',NULL,'13e6972c2e53866f848aec5cd4f762f71626a4430645d36d3ca36af1de11011b',NULL,NULL),(28,'emilia14','Jess Reilly','milford06@example.org','066 Ismael Circles Suite 481\nHettingertown, MS 89602',NULL,'7f495a9fd6d3715a0d4f8c8e3609f35e73572cefc14e38d875e1c2ace16958b2',NULL,NULL),(29,'howell.joanne','Mr. Timmy Klocko Sr.','rfeeney@example.org','3073 Fritsch Plaza Apt. 595\nMorissetteville, AK 49622-5897',NULL,'68ba5e53b8f06a15b1b42bb56068ff6779789b2c71d13624b0479eee49d10dd0',NULL,NULL),(30,'uaufderhar','Angel Bernhard','schmeler.edgar@example.org','43997 Morissette Inlet\nTurnerland, NY 89321',NULL,'a55695eb14af5f2b6b079301067c8b8dfc991bc7f997b343d2c5a4d30298e355',NULL,NULL),(31,'cruz16','Charles Klocko','dkozey@example.org','179 Jaron Crossing\nLangoshville, NJ 88711-7815',NULL,'214a362c56ee1f4c83a3573ebfda078ad50a038c6ee76e9e821256361843ec9a',NULL,NULL),(32,'cmurphy','Hope Macejkovic','jamil16@example.org','27291 Christiansen Village\nWest Wilford, IN 51974-8410',NULL,'703c286eb697e2d3945540cc2bdf363a275c0cc94cd1d4d9f981808c3562e134',NULL,NULL),(33,'johnston.johnnie','Jimmie Cassin','jalon.breitenberg@example.net','59528 Runolfsson Cove\nEast Prestonville, NV 07221-2024',NULL,'dc03a1bfd6de310eaad87ff60e92f04653eb01cdb49faa428b95aeff30537fb9',NULL,NULL),(34,'anne79','Nathen Ryan PhD','winston.hegmann@example.com','23458 Green Roads Suite 996\nWest Norberto, MT 71371',NULL,'1b97a0dc2da7de0e02d0a60bd6810badb10a45f8a6d35eaff287d4bfc1d32f8a',NULL,NULL),(35,'rrussel','Dr. Theodore Koch II','alberto.stokes@example.com','934 Elnora Haven\nSouth Aditya, NC 96922',NULL,'314adb1fa7e1338923c87704c54fc07d888156818621719f191cee9601fb71b9',NULL,NULL),(36,'emmett40','Prof. Dale Schoen Jr.','reynold.bayer@example.org','5530 Nolan Valleys\nJanishaven, PA 27263',NULL,'bfa82f2e3e1a611b30331c66599da9277e891d0e3ee27a686f717913732d55e2',NULL,NULL),(37,'jeanie42','Thea Hudson','hallie53@example.com','36107 Cormier Turnpike Suite 392\nLake Gusland, IL 28260-1226',NULL,'02e4cd2c472b9f6c8fdadfe9969904cb9917d7cb51645b8992d1b880bba010ff',NULL,NULL),(38,'dimitri.heathcote','Ethelyn Ernser','kulas.brycen@example.org','50898 Balistreri Dam\nEast Elliot, MN 79195',NULL,'35a09abf3f584bcea2047962e9e8c4198085397a0bca94c734679adae6b5c9ed',NULL,NULL),(39,'waino.johnson','Dejah Huels III','solon00@example.org','0407 Larkin Summit Apt. 315\nLizethtown, OH 50927-8726',NULL,'59c8d6e56fb54b0fb568a722f462b02da09e3ac739683ce1013ea053cc0e1af7',NULL,NULL),(40,'zkiehn','Demarcus Gusikowski','iklein@example.net','33034 Lubowitz Plains Apt. 668\nAgnesland, LA 18284',NULL,'5877f532a58611f8aed076d50c833763c43f81e55f8e1973b63dd5397f55171c',NULL,NULL),(41,'marielle65','Dr. Clovis Veum','durward30@example.com','478 Effertz Branch\nSouth Fannieport, SC 62846-6091',NULL,'80938b1b35e4adcd01075adcfdee7b4fd51fdfcb53b5eee3bd326a16727b28c4',NULL,NULL),(42,'bins.vidal','Melba Raynor','casandra.corkery@example.net','891 Myrtle Spurs\nTremblayhaven, CO 73535-7854',NULL,'0496093253dd129ed396d1c172b6e063dfd53b56672aa183b9a06d08f8afdfe4',NULL,NULL),(43,'alakin','Thalia Gibson Jr.','faustino.cole@example.org','6633 Dagmar Meadows Suite 585\nMicahview, DC 09214',NULL,'3bb1cc17393ce5166189c08a9a2fc0ad334fa73e79ac77662771c11c30b3b68c',NULL,NULL),(44,'mohamed32','Ryleigh Wehner','bennie59@example.org','40910 Heber Lights\nLake Gerardotown, MD 90924',NULL,'5037605b91742955cc6216515bf937a75b5bb7826f4823bb18ab13042bf52677',NULL,NULL),(45,'margarette.west','Margot Ortiz PhD','pacocha.alexandria@example.org','714 Gulgowski Junction\nSouth Leilaview, MS 00445',NULL,'45e14012457af839083f402db9e1b2a9d8efe8f21f941e8211e8b3ac7e2274f4',NULL,NULL),(46,'cassin.presley','Maegan Leuschke','kevin.spencer@example.org','50558 Bailey Burgs\nKuphalshire, VA 41249',NULL,'86d2f7e0420c6cc578c6c32226ddc10ea7a8d770f8a2e98cbf726fbcc24f8054',NULL,NULL),(47,'bergnaum.kayla','Miss Juanita Larson','alynch@example.org','716 Linda Trail\nNew Dimitri, CO 44979-1749',NULL,'88dd482330f35be6c1910cbf4b3b6392012451fbbe949de841c10f77f94829b8',NULL,NULL),(48,'elwyn.streich','Brandi Boyle III','mcruickshank@example.org','833 Herzog Light Apt. 593\nNorth Griffin, WI 32638',NULL,'344ca99f4f7cb891ad8414bde802b68c29e3ceb2f6a1a49b154eed5819381bdd',NULL,NULL),(49,'nasir60','Garth Koepp DDS','qwhite@example.com','0773 Hintz Camp Apt. 271\nLueberg, UT 91697-3326',NULL,'c53ba5712c9993c293cc58565d835ab53c3e61fc3bd5fa43fd82731c9a9eb4e6',NULL,NULL),(50,'turcotte.mathilde','Brannon Fahey PhD','bethany.blanda@example.com','957 Nyasia Port Suite 207\nSouth Luisa, KS 60864-2977',NULL,'2ec7681af81f2c60bd04f9642abf882966ea2b9e665b824352d1e52987998410',NULL,NULL),(51,'rogahn.adrian','Prof. Cassie Dach','beer.vida@example.com','40904 Kobe Falls Apt. 681\nPort Jazmynemouth, NM 51702-7474',NULL,'2a1e9990241be4c8400bb87d617449492b7111788469f470e7b2c2597e788114',NULL,NULL),(52,'ella38','Keara Gutkowski PhD','miller.jacques@example.org','0541 Blanda Lake Suite 249\nPort Lynn, FL 43461-1056',NULL,'016a4e4dbab697e7ea3241ff39f4b4938fbafa2b0dd0fc3cdd437a31a4996912',NULL,NULL),(53,'oberbrunner.kurtis','Cara Bogan','verlie33@example.com','229 Powlowski Ramp Apt. 836\nHeidenreichchester, DE 59212-3516',NULL,'fc1bec824537cfe7ae96c5641dd7ad42be9cdce1d5eb7e74091467486658ed54',NULL,NULL),(54,'fwolf','Raegan Cole','rgrant@example.com','784 Christiansen Parkway\nPort Jamel, LA 37379-5544',NULL,'aa71398f8976878ef83c153e5f7f0d99a69b2a8cd9230a45a3a8273b85a0d82e',NULL,NULL),(55,'leatha04','Dr. Earnest Mante','giuseppe81@example.com','4282 Maryam Mall\nEast Zachery, NY 88053-4378',NULL,'52714364c7ca04ebda9dd97aef9cf3d4374854e81919d80df6c75a6d4b451774',NULL,NULL),(56,'osinski.luz','Jessy Jaskolski','cristobal78@example.org','9082 Alyson Prairie Suite 479\nFreemanmouth, VT 94549',NULL,'2b3a2c4ac982ad138b7e3f1bdd03815459319f020f67a45d48721170b7eabbc6',NULL,NULL),(57,'qjacobson','Miss Penelope Ledner','ureichert@example.net','62637 Aimee Port Suite 058\nGoldnerborough, CO 13413',NULL,'98e529f3a7fb7020f2de1a91b61c12cfbf1a8d3cd1600e6b88c01292a60aa91d',NULL,NULL),(58,'herman.frederik','Miss Harmony Hagenes','justice87@example.com','9192 Al Ramp\nWest Tyler, SC 78185-7184',NULL,'a6041f3c992a912df7693799c2712ea7de1be33c73e8ad63b85d78951aa44ecd',NULL,NULL),(59,'kirlin.mellie','Lexus Goldner','oolson@example.com','254 Bernier Estates Apt. 776\nRusselmouth, IL 25818',NULL,'1ab659ac6a5ac3ece1ded294e7dfb4fa47f639ad968592d60b78d083bc08f2ca',NULL,NULL),(60,'koelpin.tyree','Mose Bergstrom III','huels.sibyl@example.org','875 Bartoletti Meadows Suite 088\nWizatown, NJ 60468-5928',NULL,'1fb42969e860157fd3111f4ee0634640851988bb86f21abd0f7d75aaf1a62f72',NULL,NULL),(61,'bayer.bertrand','Lavina Greenholt','nyah22@example.com','799 Isaac Lights\nWest Wileyberg, DE 61487-1239',NULL,'a4f20a17009e53f847ff6347171d6dcf75a74758dec937f3b231b4c11f6412a7',NULL,NULL),(62,'maia.mann','Gregory Schulist','kory.schowalter@example.com','91017 Dooley Shores Apt. 385\nBashirianshire, AR 80652-9433',NULL,'8a7e29c0a7dc528f7e5176216afd037cef8e7ca28181361ab161b0002329d94c',NULL,NULL),(63,'sanford.lueilwitz','Prof. Susanna Torphy III','bailey86@example.org','8230 Evans Courts\nLake Felicitafort, FL 49823-3958',NULL,'8bc027aa944f11309cc496368011bf53de7a13d4f3ecf61ce49608c4a324f760',NULL,NULL),(64,'khalid.o\'kon','Stevie Swift MD','mann.guiseppe@example.org','942 Oberbrunner Trail\nAlejandraborough, WY 07084-4856',NULL,'806ef035d86e5d86ef966f728193adb1a4e599f3c1850562039c553786f47084',NULL,NULL),(65,'owalker','Jedediah Dickens','davis.telly@example.org','293 Nasir Walks Suite 073\nWest Laury, TN 16053-4698',NULL,'0d40476b01767d9bd12db4b1635b354d1b7e7157efc6b713265124a0c8226623',NULL,NULL),(66,'martine.ernser','Reta Hilll','bradley20@example.org','33764 Ratke Well\nWest Alvertaland, HI 83755-5424',NULL,'27ffc3bfa2b30b84d941d226d01b255915c78aa646a97ce889d0a3d75549635a',NULL,NULL),(67,'daugherty.meta','Hailee Leannon','fjast@example.net','29777 Leland Forest Apt. 288\nVincemouth, HI 49762-1054',NULL,'452a114a0abf718bde68b7ca250fcdd7fdb4b959960939f4239a50d9212d4423',NULL,NULL),(68,'jettie.bosco','Lemuel Nolan','mrodriguez@example.com','12959 Rahul Fords\nEast Katheryn, NH 83235-0947',NULL,'e33e24916d14e8130883231cb91e2d4829bbd62425541073c366017475a83c37',NULL,NULL),(69,'rohan.ladarius','Lois Kreiger','erenner@example.com','942 Walsh Trace\nAustinshire, AR 52723',NULL,'17b9c150bbd89c415bda2bd95e46db5e3b1f77409e022b14b1fda1309cca8f7a',NULL,NULL),(70,'elody.bartell','Aiden Mayert II','gerry92@example.org','20848 Phyllis Roads\nMayratown, SC 15740',NULL,'4e0313f5f71855e5f9a3bb57713a284d52fd4a42d47f10260834cb5172a3d6d4',NULL,NULL),(71,'batz.jazmyn','Leann Schinner','joan98@example.com','63562 Loma Centers Apt. 820\nLake Donnafort, PA 40930-9633',NULL,'b83a689418d5ad8eb2f7bcbcdaba94a7176ab11ba94a1f58a6a0a753b7dbd988',NULL,NULL),(72,'rebeca.dooley','Ms. Nedra Lang','idonnelly@example.net','31284 Jarred Plaza Suite 893\nWeimannville, TN 34294-8153',NULL,'ad0d09949342b2f94e50a54f7d3f5dcbc0af7fd7017dca03932175c6aff98918',NULL,NULL),(73,'ncrooks','Creola Feest','jbahringer@example.com','955 Kirsten Field Suite 665\nNorth Clintland, KY 18268-8280',NULL,'e414178af5069452440f5dfe8d3bf379ecc4e0ceced4d641460f6151e9db2c69',NULL,NULL),(74,'lisa.wilkinson','Dr. Carol Hickle Jr.','cstark@example.org','2589 Mante Ports Apt. 596\nValerieville, NM 28873-4297',NULL,'ce4bd149624e7c59e54302397f32e890c78bc101b14155939b8d7a0ef20d785d',NULL,NULL),(75,'clare99','Trenton Conn','kristy.bosco@example.com','1257 Deontae Fort Apt. 302\nWaelchiborough, ME 07302-5955',NULL,'555a0d5085b352dcbbcbc1e6eaa5bcb3c5dcdf7b9e5db1e8d55364cd38a6413a',NULL,NULL),(76,'abigale.blick','Granville Miller','nwaters@example.com','6999 Breitenberg Mountain\nEast Jaleel, CO 62526',NULL,'bbcc821a1713f84a2ca4d2f38ca8077f180e3fa843ae076e7a170222389c43cf',NULL,NULL),(77,'rice.noah','Prof. Delphia Spencer','eleazar27@example.com','0665 Bernadette River\nStehrton, LA 78946-0822',NULL,'8e16cb52474c8fe15e52e24a75e8509b378b56dc9a6a8f1bcc4c5bfd3b1371a0',NULL,NULL),(78,'xsmith','Twila Jacobson','kathleen.morissette@example.com','95078 Gerhold Streets\nSouth Thea, NM 02248-3750',NULL,'3c367ecda758223e4fca59c76bb38a26a0c22e8faa77c66a23e1104038e22b29',NULL,NULL),(79,'nveum','Prof. Rose Zieme I','talia.ratke@example.net','07961 Jaskolski Lake\nPfannerstillland, HI 61924-3331',NULL,'2bdd4cbf9fe25db52b651d2a07f265a1c8718effe4ab972358a1e63eaa8de07e',NULL,NULL),(80,'israel.schuppe','Desiree Terry','ohills@example.com','5170 Toy Port\nWest Ida, HI 08441-4123',NULL,'91fc245283fe938d5c4b8dfd1109c305792b927f33cad2ee097300ec47468ad3',NULL,NULL),(81,'monahan.cale','Miss Madaline Bailey Jr.','lexie.krajcik@example.com','73151 Nolan Streets\nPort Mozellechester, ME 03618',NULL,'6447a282cf56aa4ef9f8120632b8f5fc875b145bc0113d595ae77737786deb99',NULL,NULL),(82,'filiberto.o\'conner','Prof. Junius Terry DDS','theodore.cummings@example.org','3282 Anika Ports\nLake Lorenza, GA 91703',NULL,'067b95532e87ba7327da0a57899dac930e5961aab03a818fab1e8a29b665f500',NULL,NULL),(83,'ddibbert','Prof. Lorena Beer DDS','ashtyn.pacocha@example.com','622 Kassulke Stravenue Suite 754\nSouth Sherman, NY 19733-2168',NULL,'e7d05a2b1bebd675c8123a128631a5cfb1a41de92c02b20f6a3b2dee574ff965',NULL,NULL),(84,'reagan.veum','Letha Tremblay','tmckenzie@example.com','21854 Larson Mills Apt. 793\nHuldafort, KS 56806',NULL,'8512c08b8a7aebb509d975ed0fe0800c6c81be01668d69c7d9fbebec1f02b9da',NULL,NULL),(85,'shields.stevie','Johann Kuhlman','malcolm.kulas@example.org','57237 Alene Glens\nWest Lavinia, MD 25186-3027',NULL,'9ed879347c59c811fa6e1ccbb46ecc77e256dd0d0b38159b887204a789f55841',NULL,NULL),(86,'claude.kutch','Angie Stiedemann','jacobson.cecile@example.net','414 Demario Lights Apt. 830\nSouth Stephanie, ME 76383',NULL,'ab27fd9ca8ab2891ec5982e9b22abf4fd8eab8c9a852fa1feb6f8fd1f2d723d2',NULL,NULL),(87,'gleichner.jonas','Mabelle Huel DDS','anikolaus@example.com','18316 Mayer Isle\nPaulton, WV 28364-0181',NULL,'647cc01bb49d27d1f5074b30339eaebf5dd978e7f2d6dd11efc59e44f4169abc',NULL,NULL),(88,'yrath','Dr. Johann Rohan V','zhomenick@example.net','73254 Alphonso Centers\nGuyville, OR 78254',NULL,'d8c92cbbb9179d909840065f02e3e5041201f6fd76ea0e95fc0f23dcc308edb7',NULL,NULL),(89,'daphnee.wuckert','Colin Langworth V','august.heidenreich@example.org','3655 Daniella Ridges Suite 720\nLake Patrickshire, LA 57733',NULL,'0bce3a7251032877d9ba93960aa35d0f00a7a28b2513047998e9e2168325cdd6',NULL,NULL),(90,'oblock','Mr. Kenny Abshire','shayne.goldner@example.org','847 Cloyd Spring\nRuntestad, SC 90654',NULL,'677ae22d20cd585801af1c3bbb2b7c45be004dca1f010f3a063cf7680fbeeb28',NULL,NULL),(91,'trisha.fay','Dejon Bernier','caroline.altenwerth@example.com','8407 Eulalia Fields Suite 376\nPort Bransontown, OR 95926-2572',NULL,'daba1e8d07d649d6758a56c2b807d19c87bfc2184c03ca556353da7d42dd2183',NULL,NULL),(92,'stephanie68','Mrs. Jazmin Jerde IV','jensen76@example.com','4767 Lenny Roads\nBraedenshire, MA 44184',NULL,'3c1445413cec2cab7716288fe82dae3bd1043ee9c65ddb44489988f09c5a7310',NULL,NULL),(93,'hahn.tamara','Darrell Weimann Jr.','conn.verner@example.org','7813 Kovacek Spurs Suite 394\nSchummmouth, WA 35193-5819',NULL,'2540c54920f472f8bf2c3d613bbb86aeb43dbbe35ae9f64d72453372d17f4e0e',NULL,NULL),(94,'jarrett97','Prof. Catalina Block','lucienne.gerhold@example.org','53389 Daniel Forest\nLake Shawn, NY 90999-6052',NULL,'4620fdf3550e57b9f473fa3b75dbafe4dc224bf3bd6b8f49dca37b70adf463b4',NULL,NULL),(95,'lang.dock','Myrtle Nolan','kshlerin.sylvan@example.com','762 Leannon Isle\nSouth Norbert, NH 61910-8398',NULL,'f5648f85000c9bc03c74a646100cf76654207143b2f91c9482571d311856a24a',NULL,NULL),(96,'randy06','Arnaldo Bosco Sr.','wisozk.graciela@example.net','671 Marquardt Square Suite 881\nEast Brittany, NY 20339',NULL,'6aa179f56248fff1042adf0b415136d9253033f48fce3818117754f9d310b217',NULL,NULL),(97,'amaggio','Prof. Lorenzo Schoen','jaiden29@example.com','531 Kozey Crossing Suite 127\nPort Denisbury, SD 59755-3172',NULL,'15046770041ec69248bfe0aca25d2cd46a9a4614a2b42586ba17901f10f5ef41',NULL,NULL),(98,'lela.johnston','Anabel Runolfsson DDS','paris51@example.net','028 Upton Rest Suite 835\nEast Bradleyfort, MI 30036',NULL,'be31576bf22c0e585f3bffe8196619be5e42cf4c426fedcec85d4e4d33d326ac',NULL,NULL),(99,'bgorczany','Mr. Bartholome Bergnaum','tristian50@example.net','79677 Nathanael Court Suite 085\nMuellermouth, NV 98738',NULL,'e72e561037c2199a8867e97444d5a9d4af3375efe7dc288e9fee380a624ae0ad',NULL,NULL),(100,'maxie49','Ruby Vandervort','aida.macejkovic@example.org','791 D\'Amore Drive\nLake Noe, AL 89795',NULL,'c6e414b0d3c603d62dfb3b9ac9b978f4ee735120253b155a0f7de9163e60b53d',NULL,NULL),(110,'memes','Memes sudirman','adylanrff@gmail.com','Jl. Nangka 5 G2/18','10124091','064b1b60fa96dc5a7a49f461f1ceb7a0db34d38405f4fb9dea9241ad408a00f6',NULL,NULL),(111,'blablbal','Adylan Roaffa Ilmy','dudung@gmail.com','Jl. Nangka 5 G2/18',NULL,'972794dfc80e83545febaf2297994fc3f7522561104ee67a305beee991fbbb3b',NULL,NULL),(112,'asfasf','asfasf','adylanroaffa@yahoo.co.id','asfasf',NULL,'f2c74bf609159f27dd89a829501ec34d6596d8b39a2cce7add73a8207088817a',NULL,NULL),(113,'','','','',NULL,'e3b0c44298fc1c149afbf4c8996fb92427ae41e4649b934ca495991b7852b855',NULL,NULL),(114,'auamat','AdylanRoaffaIlmy','auamat@gmail.com','something','087838888671','44a878b3d3c5a1882c3f50a691bce366bb394e032996d8d3b71bb3149258db82',NULL,NULL),(115,'dhaniraaa','Damdamdumdum','dhaniraa@gmail.com','Adylan Roaffaaaa','asdasdawd','22775bdc81477664abf61a7cb57ca1ce871f8f60e014ee0ff9b2b8c10bed2322','/static/img/weird_genius.jpg',NULL),(116,'aslkdjadslj','aajldjal','adyady@dudungcom','alsdkjalksdj',NULL,'0a887c3cb3de97b3968be5c7fb81ed9e452928db71d66620b7766bf7c5413878',NULL,NULL),(117,'adylanroaffa','AdylanRoaffaIlmy','adylanroaffa@gmailcom','Adudududuh',NULL,'024fe0220ffead0e6f18437ebe347a07417f1ec12e40b6765e4856eef12b99f3',NULL,NULL),(118,'adylaaan','AdylanRoaffaIlmy','adylaaan@gmailcom','hahahaha',NULL,'024fe0220ffead0e6f18437ebe347a07417f1ec12e40b6765e4856eef12b99f3',NULL,NULL),(119,'hula','Adylan Roaffa Ilmy','tai@gmail.com','Jl. Nangka 5 G2/18','087838888671','22775bdc81477664abf61a7cb57ca1ce871f8f60e014ee0ff9b2b8c10bed2322',NULL,NULL),(120,'azkanab','AzkaNabilahMumtaz','azkanoob@gmailcom','hahaha','08123456789','130a7308c3205f626df815661b84926640d47b39d904195b5b2b84827d4247cd',NULL,NULL),(121,'adylan','Adylan','adylan@gmailcom','wkwkwkw','014841041','526a9fe00f74d1798fddcee77b715774b3c7de0d0e1b7d3f29991a81192b8d2f',NULL,NULL),(122,'dimasaditiap','WKWKW','dimas@gmailcom','hahahahahahah','0873181822','024fe0220ffead0e6f18437ebe347a07417f1ec12e40b6765e4856eef12b99f3',NULL,NULL),(123,'mhabibih','Muh. Habibi Haidir','muhhabibih@gmailcom','Jl Jurang Gg Mamapura','085299724084','8b2e2fcdb435be0316508161db6b318807c8535b558311bcb485ea6017b8e72e','/static/img/Habibi.jpg',NULL),(124,'mhabibih1','Muh Habibi Haidir','muhhabibih@gmail.com','Jl. Jurang Gg. Mamapura','085299724084','8b2e2fcdb435be0316508161db6b318807c8535b558311bcb485ea6017b8e72e',NULL,NULL),(125,'eric','Erick ','eric@gmail.com','a','85299724084','ef797c8118f02dfb649607dd5d3f8c7623048c9c063d532cc95c5ed7a898a64f','/static/img/Habibi.jpg',NULL),(126,'erik','Eric','erik@gmail.com','Jl. T.B. Simatupang Kav. 17, Cilandak Barat, Cilandak, RT.6/RW.9','85299724084','ef797c8118f02dfb649607dd5d3f8c7623048c9c063d532cc95c5ed7a898a64f',NULL,NULL);
/*!40000 ALTER TABLE `user` ENABLE KEYS */;
UNLOCK TABLES;
/*!40103 SET TIME_ZONE=@OLD_TIME_ZONE */;

/*!40101 SET SQL_MODE=@OLD_SQL_MODE */;
/*!40014 SET FOREIGN_KEY_CHECKS=@OLD_FOREIGN_KEY_CHECKS */;
/*!40014 SET UNIQUE_CHECKS=@OLD_UNIQUE_CHECKS */;
/*!40101 SET CHARACTER_SET_CLIENT=@OLD_CHARACTER_SET_CLIENT */;
/*!40101 SET CHARACTER_SET_RESULTS=@OLD_CHARACTER_SET_RESULTS */;
/*!40101 SET COLLATION_CONNECTION=@OLD_COLLATION_CONNECTION */;
/*!40111 SET SQL_NOTES=@OLD_SQL_NOTES */;

-- Dump completed on 2018-11-27 22:24:06
